Cidade,# Revisões,# Revisões de Hotel,# Votos Úteis,Período,Tipo,Animadores,Academia,Quadra de Tenis,Spa,Piscina,Wifi Free,Nome do Hotel,# Estrelas,Qtde Quartos,# Anos como membro,Mês da Revisão,Dia da Revisão,Pontuação
Goiânia,11,4,13,Dez-Fev,Amigos,NÃO,SIM,NÃO,NÃO,SIM,SIM,Hotel Morada das Águas,3,38,9,Janeiro,Quinta-Feira,5
Goiânia,119,21,75,Dez-Fev,Negócios,NÃO,SIM,NÃO,NÃO,SIM,SIM,Hotel Morada das Águas,3,38,3,Janeiro,Sexta-Feira,3
Goiânia,36,9,25,Mar-Mai,Família,NÃO,SIM,NÃO,NÃO,SIM,SIM,Hotel Morada das Águas,3,38,2,Fevereiro,Sábado,5
Brasília,14,7,14,Mar-Mai,Amigos,NÃO,SIM,NÃO,NÃO,SIM,SIM,Hotel Morada das Águas,3,38,6,Fevereiro,Sexta-Feira,4
Uberlândia,5,5,2,Mar-Mai,Sozinho,NÃO,SIM,NÃO,NÃO,SIM,SIM,Hotel Morada das Águas,3,38,7,Março,Terça-feira,4
Uberlândia,31,8,27,Mar-Mai,Casais,NÃO,SIM,NÃO,NÃO,SIM,SIM,Hotel Morada das Águas,3,38,2,Março,Terça-feira,3
Brasília,45,12,46,Mar-Mai,Casais,NÃO,SIM,NÃO,NÃO,SIM,SIM,Hotel Morada das Águas,3,38,4,Abril,Sexta-Feira,4
Goiânia,2,1,4,Mar-Mai,Família,NÃO,SIM,NÃO,NÃO,SIM,SIM,Hotel Morada das Águas,3,38,0,Abril,Terça-feira,4
São Paulo,24,3,8,Mar-Mai,Amigos,NÃO,SIM,NÃO,NÃO,SIM,SIM,Hotel Morada das Águas,3,38,3,Maio,Sábado,4
Uberlândia,12,7,11,Mar-Mai,Família,NÃO,SIM,NÃO,NÃO,SIM,SIM,Hotel Morada das Águas,3,38,5,Maio,Terça-feira,3
Goiânia,102,24,58,Jun-Ago,Família,NÃO,SIM,NÃO,NÃO,SIM,SIM,Hotel Morada das Águas,3,38,9,Junho,Sexta-Feira,2
Uberaba,20,9,24,Jun-Ago,Amigos,NÃO,SIM,NÃO,NÃO,SIM,SIM,Hotel Morada das Águas,3,38,4,Junho,Sábado,3
Goiânia,7,6,9,Jun-Ago,Amigos,NÃO,SIM,NÃO,NÃO,SIM,SIM,Hotel Morada das Águas,3,38,1,Julho,Quarta-feira,2
Goiânia,22,5,13,Jun-Ago,Amigos,NÃO,SIM,NÃO,NÃO,SIM,SIM,Hotel Morada das Águas,3,38,1,Julho,Quinta-Feira,3
Brasília,3,3,0,Jun-Ago,Amigos,NÃO,SIM,NÃO,NÃO,SIM,SIM,Hotel Morada das Águas,3,38,1,Agosto,Domingo,3
Cuiabá,146,17,33,Jun-Ago,Família,NÃO,SIM,NÃO,NÃO,SIM,SIM,Hotel Morada das Águas,3,38,2,Agosto,Sábado,4
Uberlândia,8,8,9,Set-Nov,Família,NÃO,SIM,NÃO,NÃO,SIM,SIM,Hotel Morada das Águas,3,38,4,Setembro,Quarta-feira,1
Goiânia,9,3,1,Set-Nov,Família,NÃO,SIM,NÃO,NÃO,SIM,SIM,Hotel Morada das Águas,3,38,2,Setembro,Sábado,4
Uberlândia,41,9,19,Set-Nov,Casais,NÃO,SIM,NÃO,NÃO,SIM,SIM,Hotel Morada das Águas,3,38,2,Outubro,Terça-feira,3
Goiânia,8,7,26,Set-Nov,Casais,NÃO,SIM,NÃO,NÃO,SIM,SIM,Hotel Morada das Águas,3,38,10,Outubro,Segunda-feira,2
Brasília,10,5,2,Set-Nov,Casais,NÃO,SIM,NÃO,NÃO,SIM,SIM,Hotel Morada das Águas,3,38,7,Novembro,Sábado,4
Cuiabá,4,3,3,Set-Nov,Casais,NÃO,SIM,NÃO,NÃO,SIM,SIM,Hotel Morada das Águas,3,38,3,Novembro,Segunda-feira,1
Brasília,18,7,19,Dez-Fev,Família,NÃO,SIM,NÃO,NÃO,SIM,SIM,Hotel Morada das Águas,3,38,0,Dezembro,Sábado,4
Goiânia,4,4,3,Dez-Fev,Casais,NÃO,SIM,NÃO,NÃO,SIM,SIM,Hotel Morada das Águas,3,38,5,Dezembro,Domingo,2
Ribeirão Preto,29,11,15,Dez-Fev,Casais,SIM,SIM,NÃO,SIM,SIM,SIM,Hotel Privê,3,40,3,Janeiro,Segunda-feira,4
Goiânia,114,42,52,Dez-Fev,Negócios,SIM,SIM,NÃO,SIM,SIM,SIM,Hotel Privê,3,40,11,Janeiro,Sábado,4
Uberlândia,30,12,17,Dez-Fev,Casais,SIM,SIM,NÃO,SIM,SIM,SIM,Hotel Privê,3,40,8,Fevereiro,Sexta-Feira,5
Brasília,87,18,36,Dez-Fev,Negócios,SIM,SIM,NÃO,SIM,SIM,SIM,Hotel Privê,3,40,3,Fevereiro,Quinta-Feira,3
Goiânia,26,10,28,Mar-Mai,Sozinho,SIM,SIM,NÃO,SIM,SIM,SIM,Hotel Privê,3,40,1,Março,Quarta-feira,5
Ribeirão Preto,8,7,9,Mar-Mai,Casais,SIM,SIM,NÃO,SIM,SIM,SIM,Hotel Privê,3,40,8,Março,Quarta-feira,5
Uberlândia,11,8,13,Mar-Mai,Casais,SIM,SIM,NÃO,SIM,SIM,SIM,Hotel Privê,3,40,7,Abril,Sexta-Feira,5
Uberaba,4,3,2,Mar-Mai,Casais,SIM,SIM,NÃO,SIM,SIM,SIM,Hotel Privê,3,40,0,Abril,Sexta-Feira,3
Uberlândia,56,8,7,Mar-Mai,Sozinho,SIM,SIM,NÃO,SIM,SIM,SIM,Hotel Privê,3,40,1,Maio,Terça-feira,3
Campo Grande,13,12,8,Mar-Mai,Amigos,SIM,SIM,NÃO,SIM,SIM,SIM,Hotel Privê,3,40,4,Maio,Quarta-feira,3
Uberaba,58,9,15,Jun-Ago,Casais,SIM,SIM,NÃO,SIM,SIM,SIM,Hotel Privê,3,40,0,Junho,Sábado,4
Cristalina,20,7,4,Jun-Ago,Casais,SIM,SIM,NÃO,SIM,SIM,SIM,Hotel Privê,3,40,6,Junho,Sábado,3
Goiânia,70,27,24,Jun-Ago,Amigos,SIM,SIM,NÃO,SIM,SIM,SIM,Hotel Privê,3,40,6,Julho,Sexta-Feira,4
Londrina,6,3,7,Jun-Ago,Amigos,SIM,SIM,NÃO,SIM,SIM,SIM,Hotel Privê,3,40,1,Julho,Quinta-Feira,4
Goiânia,290,263,299,Jun-Ago,Casais,SIM,SIM,NÃO,SIM,SIM,SIM,Hotel Privê,3,40,10,Agosto,Segunda-feira,4
Goiânia,24,6,9,Jun-Ago,Família,SIM,SIM,NÃO,SIM,SIM,SIM,Hotel Privê,3,40,2,Agosto,Quarta-feira,2
Juiz de Fora,29,8,21,Set-Nov,Negócios,SIM,SIM,NÃO,SIM,SIM,SIM,Hotel Privê,3,40,2,Setembro,Quarta-feira,3
Uberlândia,20,5,59,Set-Nov,Casais,SIM,SIM,NÃO,SIM,SIM,SIM,Hotel Privê,3,40,8,Setembro,Sábado,3
Palmas,3,3,3,Set-Nov,Família,SIM,SIM,NÃO,SIM,SIM,SIM,Hotel Privê,3,40,4,Outubro,Sábado,3
Ribeirão Preto,47,6,27,Set-Nov,Amigos,SIM,SIM,NÃO,SIM,SIM,SIM,Hotel Privê,3,40,5,Outubro,Segunda-feira,4
Goiânia,35,8,19,Set-Nov,Família,SIM,SIM,NÃO,SIM,SIM,SIM,Hotel Privê,3,40,6,Novembro,Domingo,4
Brasília,6,0,4,Set-Nov,Amigos,SIM,SIM,NÃO,SIM,SIM,SIM,Hotel Privê,3,40,1,Novembro,Domingo,4
Brasília,74,47,54,Dez-Fev,Casais,SIM,SIM,NÃO,SIM,SIM,SIM,Hotel Privê,3,40,7,Dezembro,Quarta-feira,4
Americana,34,8,30,Dez-Fev,Sozinho,SIM,SIM,NÃO,SIM,SIM,SIM,Hotel Privê,3,40,4,Dezembro,Terça-feira,3
Brasília,576,43,340,Dez-Fev,Casais,SIM,SIM,NÃO,SIM,SIM,NÃO,Privê Boulevard Suíte Hotel,4,31,3,Janeiro,Segunda-feira,3
Goiânia,20,8,11,Dez-Fev,Sozinho,SIM,SIM,NÃO,SIM,SIM,NÃO,Privê Boulevard Suíte Hotel,4,31,5,Janeiro,Sábado,4
Goiânia,418,32,132,Dez-Fev,Casais,SIM,SIM,NÃO,SIM,SIM,NÃO,Privê Boulevard Suíte Hotel,4,31,3,Fevereiro,Terça-feira,2
Goiânia,73,13,22,Dez-Fev,Casais,SIM,SIM,NÃO,SIM,SIM,NÃO,Privê Boulevard Suíte Hotel,4,31,2,Fevereiro,Terça-feira,4
Uberlândia,30,10,32,Mar-Mai,Casais,SIM,SIM,NÃO,SIM,SIM,NÃO,Privê Boulevard Suíte Hotel,4,31,2,Março,Quarta-feira,3
Goiânia,63,15,17,Mar-Mai,Negócios,SIM,SIM,NÃO,SIM,SIM,NÃO,Privê Boulevard Suíte Hotel,4,31,2,Março,Terça-feira,4
Rio de Janeiro,24,10,13,Mar-Mai,Casais,SIM,SIM,NÃO,SIM,SIM,NÃO,Privê Boulevard Suíte Hotel,4,31,5,Abril,Quarta-feira,5
Barueri,54,18,16,Mar-Mai,Negócios,SIM,SIM,NÃO,SIM,SIM,NÃO,Privê Boulevard Suíte Hotel,4,31,5,Abril,Terça-feira,2
Uberaba,20,7,11,Mar-Mai,Casais,SIM,SIM,NÃO,SIM,SIM,NÃO,Privê Boulevard Suíte Hotel,4,31,2,Maio,Sexta-Feira,4
Brasília,41,7,24,Mar-Mai,Casais,SIM,SIM,NÃO,SIM,SIM,NÃO,Privê Boulevard Suíte Hotel,4,31,3,Maio,Segunda-feira,4
Ribeirão Preto,7,5,7,Jun-Ago,Casais,SIM,SIM,NÃO,SIM,SIM,NÃO,Privê Boulevard Suíte Hotel,4,31,9,Junho,Terça-feira,4
Uberlândia,13,9,15,Jun-Ago,Amigos,SIM,SIM,NÃO,SIM,SIM,NÃO,Privê Boulevard Suíte Hotel,4,31,1,Junho,Segunda-feira,4
Brasília,10,5,4,Jun-Ago,Família,SIM,SIM,NÃO,SIM,SIM,NÃO,Privê Boulevard Suíte Hotel,4,31,1,Julho,Sexta-Feira,4
Cuiabá,9,6,19,Jun-Ago,Casais,SIM,SIM,NÃO,SIM,SIM,NÃO,Privê Boulevard Suíte Hotel,4,31,7,Julho,Quarta-feira,3
Sete Lagoas,36,19,36,Jun-Ago,Sozinho,SIM,SIM,NÃO,SIM,SIM,NÃO,Privê Boulevard Suíte Hotel,4,31,5,Agosto,Quinta-Feira,2
Brasília,33,12,19,Jun-Ago,Família,SIM,SIM,NÃO,SIM,SIM,NÃO,Privê Boulevard Suíte Hotel,4,31,5,Agosto,Sábado,3
Manaus,156,126,142,Set-Nov,Amigos,SIM,SIM,NÃO,SIM,SIM,NÃO,Privê Boulevard Suíte Hotel,4,31,8,Setembro,Sexta-Feira,3
Ribeirão Preto,19,17,16,Set-Nov,Casais,SIM,SIM,NÃO,SIM,SIM,NÃO,Privê Boulevard Suíte Hotel,4,31,5,Setembro,Quarta-feira,4
Goiânia,23,17,11,Set-Nov,Família,SIM,SIM,NÃO,SIM,SIM,NÃO,Privê Boulevard Suíte Hotel,4,31,1,Outubro,Sexta-Feira,3
Goiânia,13,3,3,Set-Nov,Casais,SIM,SIM,NÃO,SIM,SIM,NÃO,Privê Boulevard Suíte Hotel,4,31,1,Outubro,Domingo,2
Sorocaba,8,5,8,Set-Nov,Casais,SIM,SIM,NÃO,SIM,SIM,NÃO,Privê Boulevard Suíte Hotel,4,31,8,Novembro,Sexta-Feira,4
São Bernardo do Campo,1,0,2,Set-Nov,Negócios,SIM,SIM,NÃO,SIM,SIM,NÃO,Privê Boulevard Suíte Hotel,4,31,0,Novembro,Quarta-feira,1
São José dos Campos,21,18,6,Dez-Fev,Negócios,SIM,SIM,NÃO,SIM,SIM,NÃO,Privê Boulevard Suíte Hotel,4,31,0,Dezembro,Domingo,2
Anápolis,56,14,36,Dez-Fev,Casais,SIM,SIM,NÃO,SIM,SIM,NÃO,Privê Boulevard Suíte Hotel,4,31,3,Dezembro,Segunda-feira,5
Nova Iguaçu,29,11,14,Dez-Fev,Negócios,SIM,SIM,SIM,SIM,SIM,SIM,L'acqua diRoma,4,29,6,Janeiro,Domingo,3
Uberaba,11,5,8,Dez-Fev,Casais,SIM,SIM,SIM,SIM,SIM,SIM,L'acqua diRoma,4,29,1,Janeiro,Quinta-Feira,4
Uberlândia,19,12,167,Dez-Fev,Amigos,SIM,SIM,SIM,SIM,SIM,SIM,L'acqua diRoma,4,29,9,Fevereiro,Segunda-feira,4
Goiânia,17,9,16,Dez-Fev,Sozinho,SIM,SIM,SIM,SIM,SIM,SIM,L'acqua diRoma,4,29,-1806,Fevereiro,Segunda-feira,5
Goiânia,43,8,20,Mar-Mai,Casais,SIM,SIM,SIM,SIM,SIM,SIM,L'acqua diRoma,4,29,1,Março,Sexta-Feira,4
Uberlândia,12,8,3,Mar-Mai,Amigos,SIM,SIM,SIM,SIM,SIM,SIM,L'acqua diRoma,4,29,2,Março,Sábado,4
Goiânia,15,14,7,Mar-Mai,Amigos,SIM,SIM,SIM,SIM,SIM,SIM,L'acqua diRoma,4,29,9,Abril,Terça-feira,4
Uberaba,16,13,16,Mar-Mai,Família,SIM,SIM,SIM,SIM,SIM,SIM,L'acqua diRoma,4,29,6,Abril,Quarta-feira,3
São Paulo,12,4,25,Mar-Mai,Família,SIM,SIM,SIM,SIM,SIM,SIM,L'acqua diRoma,4,29,1,Maio,Sexta-Feira,3
Curitiba,10,0,5,Mar-Mai,Amigos,SIM,SIM,SIM,SIM,SIM,SIM,L'acqua diRoma,4,29,3,Maio,Domingo,4
Goiânia,27,17,16,Jun-Ago,Família,SIM,SIM,SIM,SIM,SIM,SIM,L'acqua diRoma,4,29,6,Junho,Quinta-Feira,3
Uberlândia,6,5,5,Jun-Ago,Casais,SIM,SIM,SIM,SIM,SIM,SIM,L'acqua diRoma,4,29,2,Junho,Terça-feira,4
Uberaba,21,20,14,Jun-Ago,Casais,SIM,SIM,SIM,SIM,SIM,SIM,L'acqua diRoma,4,29,3,Julho,Quarta-feira,5
Bela Vista,43,14,27,Jun-Ago,Sozinho,SIM,SIM,SIM,SIM,SIM,SIM,L'acqua diRoma,4,29,5,Julho,Quinta-Feira,4
Anápolis,97,31,37,Jun-Ago,Casais,SIM,SIM,SIM,SIM,SIM,SIM,L'acqua diRoma,4,29,8,Agosto,Sábado,4
Brasília,7,3,4,Jun-Ago,Casais,SIM,SIM,SIM,SIM,SIM,SIM,L'acqua diRoma,4,29,5,Agosto,Sexta-Feira,4
Brasília,11,9,6,Set-Nov,Casais,SIM,SIM,SIM,SIM,SIM,SIM,L'acqua diRoma,4,29,0,Setembro,Sexta-Feira,3
Goiânia,78,11,30,Set-Nov,Negócios,SIM,SIM,SIM,SIM,SIM,SIM,L'acqua diRoma,4,29,2,Setembro,Terça-feira,4
Uberaba,12,7,4,Set-Nov,Família,SIM,SIM,SIM,SIM,SIM,SIM,L'acqua diRoma,4,29,5,Outubro,Segunda-feira,5
Goiânia,27,11,5,Set-Nov,Casais,SIM,SIM,SIM,SIM,SIM,SIM,L'acqua diRoma,4,29,2,Outubro,Segunda-feira,3
Belo Horizonte,4,3,1,Set-Nov,Casais,SIM,SIM,SIM,SIM,SIM,SIM,L'acqua diRoma,4,29,7,Novembro,Sexta-Feira,5
Uberaba,27,9,8,Set-Nov,Família,SIM,SIM,SIM,SIM,SIM,SIM,L'acqua diRoma,4,29,2,Novembro,Sexta-Feira,4
Uberlândia,12,3,7,Dez-Fev,Amigos,SIM,SIM,SIM,SIM,SIM,SIM,L'acqua diRoma,4,29,4,Dezembro,Sábado,4
Uberlândia,21,16,48,Dez-Fev,Casais,SIM,SIM,SIM,SIM,SIM,SIM,L'acqua diRoma,4,29,12,Dezembro,Quinta-Feira,5
Brasília,34,17,30,Dez-Fev,Família,SIM,SIM,SIM,SIM,SIM,SIM,Best Western Suites Le Jardin,4,15,8,Janeiro,Domingo,4
Goiânia,12,6,1,Dez-Fev,Amigos,SIM,SIM,SIM,SIM,SIM,SIM,Best Western Suites Le Jardin,4,15,2,Janeiro,Domingo,5
Vila Velha ,79,39,51,Dez-Fev,Casais,SIM,SIM,SIM,SIM,SIM,SIM,Best Western Suites Le Jardin,4,15,5,Fevereiro,Quarta-feira,3
Belém,18,10,16,Dez-Fev,Negócios,SIM,SIM,SIM,SIM,SIM,SIM,Best Western Suites Le Jardin,4,15,2,Fevereiro,Quinta-Feira,3
Uberlândia,13,3,8,Mar-Mai,Negócios,SIM,SIM,SIM,SIM,SIM,SIM,Best Western Suites Le Jardin,4,15,3,Março,Quarta-feira,4
Brasília,14,4,9,Mar-Mai,Casais,SIM,SIM,SIM,SIM,SIM,SIM,Best Western Suites Le Jardin,4,15,1,Março,Sexta-Feira,4
Ribeirão Preto,19,9,28,Mar-Mai,Casais,SIM,SIM,SIM,SIM,SIM,SIM,Best Western Suites Le Jardin,4,15,3,Abril,Sexta-Feira,5
São Paulo ,88,15,103,Mar-Mai,Negócios,SIM,SIM,SIM,SIM,SIM,SIM,Best Western Suites Le Jardin,4,15,3,Abril,Segunda-feira,4
Cuiabá,8,4,0,Mar-Mai,Casais,SIM,SIM,SIM,SIM,SIM,SIM,Best Western Suites Le Jardin,4,15,1,Maio,Terça-feira,4
Recife,39,15,31,Mar-Mai,Amigos,SIM,SIM,SIM,SIM,SIM,SIM,Best Western Suites Le Jardin,4,15,1,Maio,Domingo,3
Brasília,130,41,61,Jun-Ago,Negócios,SIM,SIM,SIM,SIM,SIM,SIM,Best Western Suites Le Jardin,4,15,3,Junho,Terça-feira,4
Uberaba,79,78,105,Jun-Ago,Amigos,SIM,SIM,SIM,SIM,SIM,SIM,Best Western Suites Le Jardin,4,15,7,Junho,Quarta-feira,4
Brasília,13,10,16,Jun-Ago,Sozinho,SIM,SIM,SIM,SIM,SIM,SIM,Best Western Suites Le Jardin,4,15,10,Julho,Quarta-feira,4
Brasília,18,6,17,Jun-Ago,Casais,SIM,SIM,SIM,SIM,SIM,SIM,Best Western Suites Le Jardin,4,15,1,Julho,Segunda-feira,4
Cuiabá,8,7,3,Jun-Ago,Amigos,SIM,SIM,SIM,SIM,SIM,SIM,Best Western Suites Le Jardin,4,15,1,Agosto,Sábado,5
Uberaba,15,4,6,Jun-Ago,Casais,SIM,SIM,SIM,SIM,SIM,SIM,Best Western Suites Le Jardin,4,15,0,Agosto,Sexta-Feira,5
Uberlândia,27,0,9,Set-Nov,Casais,SIM,SIM,SIM,SIM,SIM,SIM,Best Western Suites Le Jardin,4,15,0,Setembro,Terça-feira,1
Uberaba,5,3,2,Set-Nov,Casais,SIM,SIM,SIM,SIM,SIM,SIM,Best Western Suites Le Jardin,4,15,5,Setembro,Quarta-feira,5
Brasília,22,6,6,Set-Nov,Amigos,SIM,SIM,SIM,SIM,SIM,SIM,Best Western Suites Le Jardin,4,15,1,Outubro,Terça-feira,5
Goiânia,5,3,11,Set-Nov,Amigos,SIM,SIM,SIM,SIM,SIM,SIM,Best Western Suites Le Jardin,4,15,1,Outubro,Quinta-Feira,2
São Paulo,31,8,11,Set-Nov,Sozinho,SIM,SIM,SIM,SIM,SIM,SIM,Best Western Suites Le Jardin,4,15,1,Novembro,Domingo,4
Palmas,33,8,8,Set-Nov,Amigos,SIM,SIM,SIM,SIM,SIM,SIM,Best Western Suites Le Jardin,4,15,7,Novembro,Sábado,5
Brasília,10,6,11,Dez-Fev,Casais,SIM,SIM,SIM,SIM,SIM,SIM,Best Western Suites Le Jardin,4,15,4,Dezembro,Sábado,5
Brasília,12,3,3,Dez-Fev,Família,SIM,SIM,SIM,SIM,SIM,SIM,Best Western Suites Le Jardin,4,15,4,Dezembro,Quinta-Feira,5
Goiânia,50,14,24,Dez-Fev,Amigos,SIM,SIM,NÃO,SIM,SIM,SIM,Ecologic Ville Resort & Spa by Vivence,5,34,7,Janeiro,Quarta-feira,5
Goiânia,161,33,85,Dez-Fev,Casais,SIM,SIM,NÃO,SIM,SIM,SIM,Ecologic Ville Resort & Spa by Vivence,5,34,3,Janeiro,Sexta-Feira,4
São José do Rio Preto,153,38,81,Dez-Fev,Família,SIM,SIM,NÃO,SIM,SIM,SIM,Ecologic Ville Resort & Spa by Vivence,5,34,10,Fevereiro,Terça-feira,5
Uberlândia,14,3,12,Dez-Fev,Família,SIM,SIM,NÃO,SIM,SIM,SIM,Ecologic Ville Resort & Spa by Vivence,5,34,2,Fevereiro,Quinta-Feira,5
Goiânia,31,12,10,Mar-Mai,Família,SIM,SIM,NÃO,SIM,SIM,SIM,Ecologic Ville Resort & Spa by Vivence,5,34,4,Março,Sexta-Feira,5
Goiânia,15,10,29,Mar-Mai,Família,SIM,SIM,NÃO,SIM,SIM,SIM,Ecologic Ville Resort & Spa by Vivence,5,34,9,Março,Sexta-Feira,3
Uberlândia,5,5,4,Mar-Mai,Casais,SIM,SIM,NÃO,SIM,SIM,SIM,Ecologic Ville Resort & Spa by Vivence,5,34,3,Abril,Quinta-Feira,5
Goiânia,46,4,21,Mar-Mai,Casais,SIM,SIM,NÃO,SIM,SIM,SIM,Ecologic Ville Resort & Spa by Vivence,5,34,2,Abril,Sábado,4
Brasília,15,6,39,Mar-Mai,Casais,SIM,SIM,NÃO,SIM,SIM,SIM,Ecologic Ville Resort & Spa by Vivence,5,34,4,Maio,Domingo,1
Brasília,63,27,35,Mar-Mai,Casais,SIM,SIM,NÃO,SIM,SIM,SIM,Ecologic Ville Resort & Spa by Vivence,5,34,5,Maio,Quarta-feira,4
Goiânia,17,15,13,Jun-Ago,Casais,SIM,SIM,NÃO,SIM,SIM,SIM,Ecologic Ville Resort & Spa by Vivence,5,34,2,Junho,Domingo,4
Goiânia,25,22,36,Jun-Ago,Sozinho,SIM,SIM,NÃO,SIM,SIM,SIM,Ecologic Ville Resort & Spa by Vivence,5,34,9,Junho,Terça-feira,1
Goiânia,14,8,4,Jun-Ago,Casais,SIM,SIM,NÃO,SIM,SIM,SIM,Ecologic Ville Resort & Spa by Vivence,5,34,1,Julho,Segunda-feira,5
Brasília,59,56,37,Jun-Ago,Família,SIM,SIM,NÃO,SIM,SIM,SIM,Ecologic Ville Resort & Spa by Vivence,5,34,6,Julho,Terça-feira,3
Brasília,11,10,17,Jun-Ago,Família,SIM,SIM,NÃO,SIM,SIM,SIM,Ecologic Ville Resort & Spa by Vivence,5,34,3,Agosto,Sexta-Feira,5
Uberlândia,54,18,31,Jun-Ago,Amigos,SIM,SIM,NÃO,SIM,SIM,SIM,Ecologic Ville Resort & Spa by Vivence,5,34,5,Agosto,Quarta-feira,4
Goiânia,4,3,4,Set-Nov,Casais,SIM,SIM,NÃO,SIM,SIM,SIM,Ecologic Ville Resort & Spa by Vivence,5,34,3,Setembro,Segunda-feira,5
Goiânia,10,7,7,Set-Nov,Casais,SIM,SIM,NÃO,SIM,SIM,SIM,Ecologic Ville Resort & Spa by Vivence,5,34,3,Setembro,Terça-feira,5
Goiânia,14,6,7,Set-Nov,Negócios,SIM,SIM,NÃO,SIM,SIM,SIM,Ecologic Ville Resort & Spa by Vivence,5,34,11,Outubro,Domingo,5
Goiânia,39,12,16,Set-Nov,Amigos,SIM,SIM,NÃO,SIM,SIM,SIM,Ecologic Ville Resort & Spa by Vivence,5,34,2,Outubro,Quinta-Feira,5
Uberaba,35,24,43,Set-Nov,Casais,SIM,SIM,NÃO,SIM,SIM,SIM,Ecologic Ville Resort & Spa by Vivence,5,34,4,Novembro,Domingo,5
Uberaba,6,6,9,Set-Nov,Família,SIM,SIM,NÃO,SIM,SIM,SIM,Ecologic Ville Resort & Spa by Vivence,5,34,0,Novembro,Domingo,3
Goiânia,23,7,2,Dez-Fev,Família,SIM,SIM,NÃO,SIM,SIM,SIM,Ecologic Ville Resort & Spa by Vivence,5,34,3,Dezembro,Sexta-Feira,4
Goiânia,48,21,67,Dez-Fev,Casais,SIM,SIM,NÃO,SIM,SIM,SIM,Ecologic Ville Resort & Spa by Vivence,5,34,13,Dezembro,Domingo,4
Uberaba,16,9,14,Dez-Fev,Amigos,SIM,SIM,NÃO,SIM,SIM,SIM,Rio Quente Resorts - Hotel Pousada,5,30,3,Janeiro,Quinta-Feira,4
Uberaba,12,6,3,Dez-Fev,Amigos,SIM,SIM,NÃO,SIM,SIM,SIM,Rio Quente Resorts - Hotel Pousada,5,30,1,Janeiro,Quinta-Feira,5
Fortaleza,36,9,15,Dez-Fev,Amigos,SIM,SIM,NÃO,SIM,SIM,SIM,Rio Quente Resorts - Hotel Pousada,5,30,2,Fevereiro,Sábado,4
Brasília,127,40,80,Dez-Fev,Casais,SIM,SIM,NÃO,SIM,SIM,SIM,Rio Quente Resorts - Hotel Pousada,5,30,8,Fevereiro,Quarta-feira,5
Goiânia,12,5,1,Mar-Mai,Casais,SIM,SIM,NÃO,SIM,SIM,SIM,Rio Quente Resorts - Hotel Pousada,5,30,1,Março,Segunda-feira,5
Goiânia,17,17,74,Mar-Mai,Casais,SIM,SIM,NÃO,SIM,SIM,SIM,Rio Quente Resorts - Hotel Pousada,5,30,10,Março,Sábado,5
Ribeirão Preto,23,7,21,Mar-Mai,Amigos,SIM,SIM,NÃO,SIM,SIM,SIM,Rio Quente Resorts - Hotel Pousada,5,30,7,Abril,Quinta-Feira,4
Goiânia,102,17,45,Mar-Mai,Negócios,SIM,SIM,NÃO,SIM,SIM,SIM,Rio Quente Resorts - Hotel Pousada,5,30,2,Abril,Segunda-feira,5
Curitiba,113,15,55,Mar-Mai,Família,SIM,SIM,NÃO,SIM,SIM,SIM,Rio Quente Resorts - Hotel Pousada,5,30,8,Maio,Quinta-Feira,5
Goiânia,30,8,10,Mar-Mai,Negócios,SIM,SIM,NÃO,SIM,SIM,SIM,Rio Quente Resorts - Hotel Pousada,5,30,1,Maio,Quarta-feira,2
Curitiba,24,24,24,Jun-Ago,Casais,SIM,SIM,NÃO,SIM,SIM,SIM,Rio Quente Resorts - Hotel Pousada,5,30,7,Junho,Quarta-feira,2
Ribeirão Preto,15,5,18,Jun-Ago,Amigos,SIM,SIM,NÃO,SIM,SIM,SIM,Rio Quente Resorts - Hotel Pousada,5,30,3,Junho,Quarta-feira,5
Goiânia,6,4,14,Jun-Ago,Negócios,SIM,SIM,NÃO,SIM,SIM,SIM,Rio Quente Resorts - Hotel Pousada,5,30,1,Julho,Quarta-feira,1
Uberaba,3,3,0,Jun-Ago,Amigos,SIM,SIM,NÃO,SIM,SIM,SIM,Rio Quente Resorts - Hotel Pousada,5,30,7,Julho,Terça-feira,4
Uberlândia,41,10,56,Jun-Ago,Família,SIM,SIM,NÃO,SIM,SIM,SIM,Rio Quente Resorts - Hotel Pousada,5,30,4,Agosto,Sábado,5
Goiânia,19,8,56,Jun-Ago,Casais,SIM,SIM,NÃO,SIM,SIM,SIM,Rio Quente Resorts - Hotel Pousada,5,30,10,Agosto,Domingo,4
Brasília,18,9,10,Set-Nov,Casais,SIM,SIM,NÃO,SIM,SIM,SIM,Rio Quente Resorts - Hotel Pousada,5,30,1,Setembro,Quarta-feira,5
Maceió,6,6,7,Set-Nov,Casais,SIM,SIM,NÃO,SIM,SIM,SIM,Rio Quente Resorts - Hotel Pousada,5,30,7,Setembro,Terça-feira,5
Goiânia,103,5,98,Set-Nov,Casais,SIM,SIM,NÃO,SIM,SIM,SIM,Rio Quente Resorts - Hotel Pousada,5,30,7,Outubro,Segunda-feira,5
Brasília,18,4,16,Set-Nov,Amigos,SIM,SIM,NÃO,SIM,SIM,SIM,Rio Quente Resorts - Hotel Pousada,5,30,0,Outubro,Sexta-Feira,5
Campo Grande,9,7,7,Set-Nov,Negócios,SIM,SIM,NÃO,SIM,SIM,SIM,Rio Quente Resorts - Hotel Pousada,5,30,5,Novembro,Quarta-feira,5
Goiânia,50,19,45,Set-Nov,Negócios,SIM,SIM,NÃO,SIM,SIM,SIM,Rio Quente Resorts - Hotel Pousada,5,30,0,Novembro,Sexta-Feira,5
Uberlândia,4,3,8,Dez-Fev,Casais,SIM,SIM,NÃO,SIM,SIM,SIM,Rio Quente Resorts - Hotel Pousada,5,30,8,Dezembro,Terça-feira,2
Goiânia,7,3,8,Dez-Fev,Família,SIM,SIM,NÃO,SIM,SIM,SIM,Rio Quente Resorts - Hotel Pousada,5,30,5,Dezembro,Domingo,5
Anápolis,28,23,31,Dez-Fev,Casais,SIM,SIM,NÃO,SIM,SIM,SIM,Golden Dolphin Grand Hotel,5,31,4,Janeiro,Sexta-Feira,3
Goiânia,32,6,11,Dez-Fev,Família,SIM,SIM,NÃO,SIM,SIM,SIM,Golden Dolphin Grand Hotel,5,31,10,Janeiro,Sexta-Feira,5
Uberlândia,4,0,4,Dez-Fev,Casais,SIM,SIM,NÃO,SIM,SIM,SIM,Golden Dolphin Grand Hotel,5,31,9,Fevereiro,Sexta-Feira,5
Goiânia,37,8,9,Dez-Fev,Casais,SIM,SIM,NÃO,SIM,SIM,SIM,Golden Dolphin Grand Hotel,5,31,3,Fevereiro,Terça-feira,4
Uberlândia,10,3,7,Mar-Mai,Família,SIM,SIM,NÃO,SIM,SIM,SIM,Golden Dolphin Grand Hotel,5,31,6,Março,Quarta-feira,5
Uberlândia,36,30,80,Mar-Mai,Família,SIM,SIM,NÃO,SIM,SIM,SIM,Golden Dolphin Grand Hotel,5,31,8,Março,Sexta-Feira,5
Goiânia,31,10,14,Mar-Mai,Casais,SIM,SIM,NÃO,SIM,SIM,SIM,Golden Dolphin Grand Hotel,5,31,5,Abril,Domingo,4
Uberlândia,66,33,60,Mar-Mai,Casais,SIM,SIM,NÃO,SIM,SIM,SIM,Golden Dolphin Grand Hotel,5,31,10,Abril,Sábado,5
Osasco,17,4,8,Mar-Mai,Casais,SIM,SIM,NÃO,SIM,SIM,SIM,Golden Dolphin Grand Hotel,5,31,0,Maio,Sábado,5
Brasília,57,20,71,Mar-Mai,Negócios,SIM,SIM,NÃO,SIM,SIM,SIM,Golden Dolphin Grand Hotel,5,31,0,Maio,Sexta-Feira,5
Goiânia,42,8,22,Jun-Ago,Amigos,SIM,SIM,NÃO,SIM,SIM,SIM,Golden Dolphin Grand Hotel,5,31,6,Junho,Segunda-feira,4
Goiânia,28,20,14,Jun-Ago,Casais,SIM,SIM,NÃO,SIM,SIM,SIM,Golden Dolphin Grand Hotel,5,31,8,Junho,Sexta-Feira,3
Salvador,19,8,10,Jun-Ago,Amigos,SIM,SIM,NÃO,SIM,SIM,SIM,Golden Dolphin Grand Hotel,5,31,3,Julho,Quarta-feira,4
Goiânia,20,11,21,Jun-Ago,Família,SIM,SIM,NÃO,SIM,SIM,SIM,Golden Dolphin Grand Hotel,5,31,9,Julho,Sexta-Feira,5
Brasília,75,19,93,Jun-Ago,Amigos,SIM,SIM,NÃO,SIM,SIM,SIM,Golden Dolphin Grand Hotel,5,31,8,Agosto,Domingo,4
Goiânia,91,16,26,Jun-Ago,Negócios,SIM,SIM,NÃO,SIM,SIM,SIM,Golden Dolphin Grand Hotel,5,31,3,Agosto,Quarta-feira,4
Brasília,52,48,78,Set-Nov,Amigos,SIM,SIM,NÃO,SIM,SIM,SIM,Golden Dolphin Grand Hotel,5,31,8,Setembro,Sábado,3
Goiânia,93,4,8,Set-Nov,Família,SIM,SIM,NÃO,SIM,SIM,SIM,Golden Dolphin Grand Hotel,5,31,2,Setembro,Sábado,5
Uberlândia,9,3,15,Set-Nov,Família,SIM,SIM,NÃO,SIM,SIM,SIM,Golden Dolphin Grand Hotel,5,31,1,Outubro,Quarta-feira,5
Uberaba,5,3,9,Set-Nov,Casais,SIM,SIM,NÃO,SIM,SIM,SIM,Golden Dolphin Grand Hotel,5,31,2,Outubro,Quinta-Feira,5
Luziânia,37,7,10,Set-Nov,Amigos,SIM,SIM,NÃO,SIM,SIM,SIM,Golden Dolphin Grand Hotel,5,31,0,Novembro,Domingo,5
Porto Alegre,31,25,35,Set-Nov,Família,SIM,SIM,NÃO,SIM,SIM,SIM,Golden Dolphin Grand Hotel,5,31,7,Novembro,Domingo,3
Goiânia,6,4,4,Dez-Fev,Casais,SIM,SIM,NÃO,SIM,SIM,SIM,Golden Dolphin Grand Hotel,5,31,7,Dezembro,Quinta-Feira,5
Goiânia,252,55,113,Dez-Fev,Família,SIM,SIM,NÃO,SIM,SIM,SIM,Golden Dolphin Grand Hotel,5,31,8,Dezembro,Segunda-feira,4
Goiânia,164,48,82,Dez-Fev,Casais,SIM,SIM,SIM,SIM,SIM,SIM,Serra Park,5,27,4,Janeiro,Sábado,5
Goiânia,5,3,9,Dez-Fev,Família,SIM,SIM,SIM,SIM,SIM,SIM,Serra Park,5,27,4,Janeiro,Terça-feira,5
Uberlândia,7,5,20,Dez-Fev,Casais,SIM,SIM,SIM,SIM,SIM,SIM,Serra Park,5,27,3,Fevereiro,Sábado,4
Goiânia,18,11,15,Dez-Fev,Casais,SIM,SIM,SIM,SIM,SIM,SIM,Serra Park,5,27,7,Fevereiro,Terça-feira,5
Goiânia,20,13,16,Mar-Mai,Amigos,SIM,SIM,SIM,SIM,SIM,SIM,Serra Park,5,27,6,Março,Sexta-Feira,5
Goiânia,21,5,12,Mar-Mai,Negócios,SIM,SIM,SIM,SIM,SIM,SIM,Serra Park,5,27,8,Março,Segunda-feira,4
Goiânia,125,35,48,Mar-Mai,Negócios,SIM,SIM,SIM,SIM,SIM,SIM,Serra Park,5,27,4,Abril,Domingo,5
Goiânia,11,7,10,Mar-Mai,Casais,SIM,SIM,SIM,SIM,SIM,SIM,Serra Park,5,27,1,Abril,Segunda-feira,4
Luziânia,16,10,16,Mar-Mai,Sozinho,SIM,SIM,SIM,SIM,SIM,SIM,Serra Park,5,27,7,Maio,Segunda-feira,3
Brasília,19,5,5,Mar-Mai,Casais,SIM,SIM,SIM,SIM,SIM,SIM,Serra Park,5,27,3,Maio,Segunda-feira,5
Goiânia,73,27,365,Jun-Ago,Casais,SIM,SIM,SIM,SIM,SIM,SIM,Serra Park,5,27,6,Junho,Quarta-feira,5
Goiânia,5,4,4,Jun-Ago,Casais,SIM,SIM,SIM,SIM,SIM,SIM,Serra Park,5,27,11,Junho,Quarta-feira,5
Goiânia,30,10,17,Jun-Ago,Casais,SIM,SIM,SIM,SIM,SIM,SIM,Serra Park,5,27,3,Julho,Segunda-feira,5
Uberlândia,7,4,10,Jun-Ago,Casais,SIM,SIM,SIM,SIM,SIM,SIM,Serra Park,5,27,3,Julho,Domingo,5
Uberlândia,67,46,99,Jun-Ago,Casais,SIM,SIM,SIM,SIM,SIM,SIM,Serra Park,5,27,6,Agosto,Domingo,5
Cristalina,18,13,25,Jun-Ago,Sozinho,SIM,SIM,SIM,SIM,SIM,SIM,Serra Park,5,27,9,Agosto,Sábado,5
Uberlândia,12,7,11,Set-Nov,Negócios,SIM,SIM,SIM,SIM,SIM,SIM,Serra Park,5,27,4,Setembro,Segunda-feira,2
Uberlândia,40,12,26,Set-Nov,Amigos,SIM,SIM,SIM,SIM,SIM,SIM,Serra Park,5,27,7,Setembro,Sábado,5
Goiânia,142,17,31,Set-Nov,Casais,SIM,SIM,SIM,SIM,SIM,SIM,Serra Park,5,27,3,Outubro,Segunda-feira,4
Brasília,8,4,16,Set-Nov,Casais,SIM,SIM,SIM,SIM,SIM,SIM,Serra Park,5,27,7,Outubro,Sábado,5
Campinas,15,9,3,Set-Nov,Negócios,SIM,SIM,SIM,SIM,SIM,SIM,Serra Park,5,27,2,Novembro,Segunda-feira,5
Brasília,2,18,14,Set-Nov,Casais,SIM,SIM,SIM,SIM,SIM,SIM,Serra Park,5,27,8,Novembro,Quarta-feira,5
Brasília,10,6,10,Dez-Fev,Casais,SIM,SIM,SIM,SIM,SIM,SIM,Serra Park,5,27,5,Dezembro,Terça-feira,5
Goiânia,16,13,55,Dez-Fev,Casais,SIM,SIM,SIM,SIM,SIM,SIM,Serra Park,5,27,9,Dezembro,Terça-feira,5
Brasília,21,7,13,Dez-Fev,Sozinho,SIM,SIM,NÃO,SIM,SIM,SIM,Hotel Taiyo,5,13,10,Janeiro,Terça-feira,5
São Paulo,69,58,41,Dez-Fev,Negócios,SIM,SIM,NÃO,SIM,SIM,SIM,Hotel Taiyo,5,13,5,Janeiro,Sábado,5
Goiânia,33,13,8,Dez-Fev,Negócios,SIM,SIM,NÃO,SIM,SIM,SIM,Hotel Taiyo,5,13,5,Fevereiro,Quarta-feira,5
Goiânia,1,0,2,Dez-Fev,Família,SIM,SIM,NÃO,SIM,SIM,SIM,Hotel Taiyo,5,13,0,Fevereiro,Terça-feira,5
Goiânia,49,8,23,Mar-Mai,Casais,SIM,SIM,NÃO,SIM,SIM,SIM,Hotel Taiyo,5,13,5,Março,Segunda-feira,5
Goiânia,775,52,255,Mar-Mai,Casais,SIM,SIM,NÃO,SIM,SIM,SIM,Hotel Taiyo,5,13,2,Março,Quarta-feira,3
Manaus,16,7,6,Mar-Mai,Casais,SIM,SIM,NÃO,SIM,SIM,SIM,Hotel Taiyo,5,13,7,Abril,Segunda-feira,4
Goiânia,1,0,1,Mar-Mai,Casais,SIM,SIM,NÃO,SIM,SIM,SIM,Hotel Taiyo,5,13,0,Abril,Quarta-feira,5
Luziânia,19,11,17,Mar-Mai,Família,SIM,SIM,NÃO,SIM,SIM,SIM,Hotel Taiyo,5,13,7,Maio,Sexta-Feira,4
Porto Alegre,7,4,8,Mar-Mai,Família,SIM,SIM,NÃO,SIM,SIM,SIM,Hotel Taiyo,5,13,7,Maio,Domingo,5
Goiânia,38,18,16,Jun-Ago,Casais,SIM,SIM,NÃO,SIM,SIM,SIM,Hotel Taiyo,5,13,8,Junho,Domingo,5
Goiânia,48,14,30,Jun-Ago,Negócios,SIM,SIM,NÃO,SIM,SIM,SIM,Hotel Taiyo,5,13,9,Junho,Quarta-feira,5
Uberlândia,136,20,55,Jun-Ago,Família,SIM,SIM,NÃO,SIM,SIM,SIM,Hotel Taiyo,5,13,3,Julho,Domingo,5
Goiânia,26,8,1,Jun-Ago,Família,SIM,SIM,NÃO,SIM,SIM,SIM,Hotel Taiyo,5,13,6,Julho,Segunda-feira,4
Feira de Santana,3,3,2,Jun-Ago,Casais,SIM,SIM,NÃO,SIM,SIM,SIM,Hotel Taiyo,5,13,4,Agosto,Domingo,4
Goiânia,78,17,24,Jun-Ago,Casais,SIM,SIM,NÃO,SIM,SIM,SIM,Hotel Taiyo,5,13,5,Agosto,Segunda-feira,5
Brasília,24,18,12,Set-Nov,Família,SIM,SIM,NÃO,SIM,SIM,SIM,Hotel Taiyo,5,13,0,Setembro,Quinta-Feira,5
Campo Grande,2,0,15,Set-Nov,Família,SIM,SIM,NÃO,SIM,SIM,SIM,Hotel Taiyo,5,13,1,Setembro,Segunda-feira,1
Ribeirão Preto,4,3,3,Set-Nov,Amigos,SIM,SIM,NÃO,SIM,SIM,SIM,Hotel Taiyo,5,13,11,Outubro,Quinta-Feira,5
Uberaba,11,7,17,Set-Nov,Casais,SIM,SIM,NÃO,SIM,SIM,SIM,Hotel Taiyo,5,13,2,Outubro,Sábado,5
Curitiba,1,0,1,Set-Nov,Casais,SIM,SIM,NÃO,SIM,SIM,SIM,Hotel Taiyo,5,13,0,Novembro,Quarta-feira,2
Uberaba,35,16,17,Set-Nov,Família,SIM,SIM,NÃO,SIM,SIM,SIM,Hotel Taiyo,5,13,2,Novembro,Terça-feira,4
Goiânia,110,19,76,Dez-Fev,Negócios,SIM,SIM,NÃO,SIM,SIM,SIM,Hotel Taiyo,5,13,2,Dezembro,Terça-feira,4
Goiânia,53,25,24,Dez-Fev,Casais,SIM,SIM,NÃO,SIM,SIM,SIM,Hotel Taiyo,5,13,3,Dezembro,Domingo,5
Piracicaba,320,45,102,Dez-Fev,Negócios,SIM,NÃO,NÃO,NÃO,SIM,SIM,IMG Hotel's Rio Quente,4,17,6,Janeiro,Terça-feira,3
Goiânia,2,0,2,Dez-Fev,Negócios,SIM,NÃO,NÃO,NÃO,SIM,SIM,IMG Hotel's Rio Quente,4,17,1,Janeiro,Sábado,4
Goiânia,26,6,12,Dez-Fev,Família,SIM,NÃO,NÃO,NÃO,SIM,SIM,IMG Hotel's Rio Quente,4,17,1,Fevereiro,Domingo,5
Goiânia,4,4,0,Dez-Fev,Casais,SIM,NÃO,NÃO,NÃO,SIM,SIM,IMG Hotel's Rio Quente,4,17,2,Fevereiro,Segunda-feira,5
Goiânia,9,9,6,Mar-Mai,Sozinho,SIM,NÃO,NÃO,NÃO,SIM,SIM,IMG Hotel's Rio Quente,4,17,1,Março,Quarta-feira,2
Goiânia,17,14,70,Mar-Mai,Amigos,SIM,NÃO,NÃO,NÃO,SIM,SIM,IMG Hotel's Rio Quente,4,17,10,Março,Domingo,5
Uberlândia,3,0,1,Mar-Mai,Casais,SIM,NÃO,NÃO,NÃO,SIM,SIM,IMG Hotel's Rio Quente,4,17,1,Abril,Terça-feira,5
Uberlândia,14,0,4,Mar-Mai,Família,SIM,NÃO,NÃO,NÃO,SIM,SIM,IMG Hotel's Rio Quente,4,17,4,Abril,Terça-feira,2
Goiânia,235,111,267,Mar-Mai,Amigos,SIM,NÃO,NÃO,NÃO,SIM,SIM,IMG Hotel's Rio Quente,4,17,9,Maio,Sexta-Feira,5
Goiânia,59,9,21,Mar-Mai,Casais,SIM,NÃO,NÃO,NÃO,SIM,SIM,IMG Hotel's Rio Quente,4,17,3,Maio,Segunda-feira,5
Goiânia,2,0,2,Jun-Ago,Amigos,SIM,NÃO,NÃO,NÃO,SIM,SIM,IMG Hotel's Rio Quente,4,17,0,Junho,Quarta-feira,5
Goiânia,2,0,1,Jun-Ago,Casais,SIM,NÃO,NÃO,NÃO,SIM,SIM,IMG Hotel's Rio Quente,4,17,0,Junho,Quarta-feira,5
Goiânia,21,18,53,Jun-Ago,Casais,SIM,NÃO,NÃO,NÃO,SIM,SIM,IMG Hotel's Rio Quente,4,17,11,Julho,Quarta-feira,5
Goiânia,4,0,16,Jun-Ago,Amigos,SIM,NÃO,NÃO,NÃO,SIM,SIM,IMG Hotel's Rio Quente,4,17,0,Julho,Quinta-Feira,1
Palmas,184,52,70,Jun-Ago,Casais,SIM,NÃO,NÃO,NÃO,SIM,SIM,IMG Hotel's Rio Quente,4,17,3,Agosto,Quarta-feira,5
Brasília,262,75,150,Jun-Ago,Família,SIM,NÃO,NÃO,NÃO,SIM,SIM,IMG Hotel's Rio Quente,4,17,2,Agosto,Segunda-feira,4
Goiânia,69,11,17,Set-Nov,Casais,SIM,NÃO,NÃO,NÃO,SIM,SIM,IMG Hotel's Rio Quente,4,17,0,Setembro,Domingo,5
Uberaba,92,12,27,Set-Nov,Negócios,SIM,NÃO,NÃO,NÃO,SIM,SIM,IMG Hotel's Rio Quente,4,17,2,Setembro,Sábado,4
Goiânia,131,61,116,Set-Nov,Família,SIM,NÃO,NÃO,NÃO,SIM,SIM,IMG Hotel's Rio Quente,4,17,8,Outubro,Quinta-Feira,3
Maceió,25,10,16,Set-Nov,Amigos,SIM,NÃO,NÃO,NÃO,SIM,SIM,IMG Hotel's Rio Quente,4,17,8,Outubro,Terça-feira,5
Uberlândia,49,22,53,Set-Nov,Casais,SIM,NÃO,NÃO,NÃO,SIM,SIM,IMG Hotel's Rio Quente,4,17,5,Novembro,Domingo,3
Goiânia,148,33,55,Set-Nov,Negócios,SIM,NÃO,NÃO,NÃO,SIM,SIM,IMG Hotel's Rio Quente,4,17,3,Novembro,Quarta-feira,4
Uberlândia,26,7,22,Dez-Fev,Casais,SIM,NÃO,NÃO,NÃO,SIM,SIM,IMG Hotel's Rio Quente,4,17,4,Dezembro,Quarta-feira,4
Goiânia,13,4,1,Dez-Fev,Casais,SIM,NÃO,NÃO,NÃO,SIM,SIM,IMG Hotel's Rio Quente,4,17,2,Dezembro,Quarta-feira,4
Belo Horizonte,3,3,20,Dez-Fev,Negócios,SIM,SIM,NÃO,SIM,SIM,SIM,Prive Riviera Park Hotel,5,21,5,Janeiro,Terça-feira,1
Goiânia,46,12,87,Dez-Fev,Casais,SIM,SIM,NÃO,SIM,SIM,SIM,Prive Riviera Park Hotel,5,21,3,Janeiro,Terça-feira,5
Brasília,127,40,81,Dez-Fev,Casais,SIM,SIM,NÃO,SIM,SIM,SIM,Prive Riviera Park Hotel,5,21,8,Fevereiro,Quinta-Feira,4
Goiânia,15,5,12,Dez-Fev,Negócios,SIM,SIM,NÃO,SIM,SIM,SIM,Prive Riviera Park Hotel,5,21,4,Fevereiro,Domingo,5
Goiânia,16,14,23,Mar-Mai,Casais,SIM,SIM,NÃO,SIM,SIM,SIM,Prive Riviera Park Hotel,5,21,7,Março,Sexta-Feira,5
Goiânia,113,38,27,Mar-Mai,Amigos,SIM,SIM,NÃO,SIM,SIM,SIM,Prive Riviera Park Hotel,5,21,1,Março,Terça-feira,4
Brasília,7,5,5,Mar-Mai,Família,SIM,SIM,NÃO,SIM,SIM,SIM,Prive Riviera Park Hotel,5,21,7,Abril,Segunda-feira,3
Contagem,73,32,99,Mar-Mai,Amigos,SIM,SIM,NÃO,SIM,SIM,SIM,Prive Riviera Park Hotel,5,21,10,Abril,Quinta-Feira,4
Goiânia,35,12,3,Mar-Mai,Negócios,SIM,SIM,NÃO,SIM,SIM,SIM,Prive Riviera Park Hotel,5,21,2,Maio,Sexta-Feira,5
Brasília,139,20,86,Mar-Mai,Amigos,SIM,SIM,NÃO,SIM,SIM,SIM,Prive Riviera Park Hotel,5,21,5,Maio,Segunda-feira,5
Brasília,28,12,30,Jun-Ago,Casais,SIM,SIM,NÃO,SIM,SIM,SIM,Prive Riviera Park Hotel,5,21,2,Junho,Sábado,5
Goiânia,34,8,26,Jun-Ago,Negócios,SIM,SIM,NÃO,SIM,SIM,SIM,Prive Riviera Park Hotel,5,21,4,Junho,Terça-feira,4
Goiânia,4,3,5,Jun-Ago,Amigos,SIM,SIM,NÃO,SIM,SIM,SIM,Prive Riviera Park Hotel,5,21,3,Julho,Quinta-Feira,5
Goiânia,32,11,14,Jun-Ago,Família,SIM,SIM,NÃO,SIM,SIM,SIM,Prive Riviera Park Hotel,5,21,3,Julho,Domingo,5
Brasília,9,3,4,Jun-Ago,Família,SIM,SIM,NÃO,SIM,SIM,SIM,Prive Riviera Park Hotel,5,21,1,Agosto,Quinta-Feira,5
Goiânia,333,58,200,Jun-Ago,Família,SIM,SIM,NÃO,SIM,SIM,SIM,Prive Riviera Park Hotel,5,21,4,Agosto,Domingo,5
Goiânia,29,11,15,Set-Nov,Casais,SIM,SIM,NÃO,SIM,SIM,SIM,Prive Riviera Park Hotel,5,21,6,Setembro,Segunda-feira,5
Brasília,85,43,68,Set-Nov,Amigos,SIM,SIM,NÃO,SIM,SIM,SIM,Prive Riviera Park Hotel,5,21,5,Setembro,Quarta-feira,5
Goiânia,12,5,1,Set-Nov,Casais,SIM,SIM,NÃO,SIM,SIM,SIM,Prive Riviera Park Hotel,5,21,5,Outubro,Sexta-Feira,5
Brasília,34,10,7,Set-Nov,Negócios,SIM,SIM,NÃO,SIM,SIM,SIM,Prive Riviera Park Hotel,5,21,4,Outubro,Quinta-Feira,4
São Paulo,13,7,8,Set-Nov,Casais,SIM,SIM,NÃO,SIM,SIM,SIM,Prive Riviera Park Hotel,5,21,5,Novembro,Domingo,5
Goiânia,5,5,14,Set-Nov,Casais,SIM,SIM,NÃO,SIM,SIM,SIM,Prive Riviera Park Hotel,5,21,5,Novembro,Domingo,5
Goiânia,169,25,41,Dez-Fev,Amigos,SIM,SIM,NÃO,SIM,SIM,SIM,Prive Riviera Park Hotel,5,21,8,Dezembro,Terça-feira,5
Goiânia,11,10,6,Dez-Fev,Negócios,SIM,SIM,NÃO,SIM,SIM,SIM,Prive Riviera Park Hotel,5,21,7,Dezembro,Terça-feira,5
Goiânia,4,3,2,Dez-Fev,Casais,SIM,SIM,NÃO,SIM,SIM,SIM,Acqua Bella Thermas Hotel,3,13,6,Janeiro,Sexta-Feira,5
Goiânia,50,39,48,Dez-Fev,Família,SIM,SIM,NÃO,SIM,SIM,SIM,Acqua Bella Thermas Hotel,3,13,10,Janeiro,Quinta-Feira,2
Anápolis,10,3,1,Dez-Fev,Negócios,SIM,SIM,NÃO,SIM,SIM,SIM,Acqua Bella Thermas Hotel,3,13,4,Fevereiro,Terça-feira,5
Uberlândia,7,4,4,Dez-Fev,Casais,SIM,SIM,NÃO,SIM,SIM,SIM,Acqua Bella Thermas Hotel,3,13,1,Fevereiro,Sexta-Feira,5
Brasília,60,7,42,Mar-Mai,Casais,SIM,SIM,NÃO,SIM,SIM,SIM,Acqua Bella Thermas Hotel,3,13,8,Março,Terça-feira,5
Palmas,92,49,18,Mar-Mai,Casais,SIM,SIM,NÃO,SIM,SIM,SIM,Acqua Bella Thermas Hotel,3,13,5,Março,Quinta-Feira,4
Uberaba,106,37,58,Mar-Mai,Negócios,SIM,SIM,NÃO,SIM,SIM,SIM,Acqua Bella Thermas Hotel,3,13,3,Abril,Quarta-feira,4
Uberlândia,7,5,45,Mar-Mai,Família,SIM,SIM,NÃO,SIM,SIM,SIM,Acqua Bella Thermas Hotel,3,13,10,Abril,Segunda-feira,4
Porto Alegre,37,31,38,Mar-Mai,Família,SIM,SIM,NÃO,SIM,SIM,SIM,Acqua Bella Thermas Hotel,3,13,9,Maio,Sexta-Feira,5
Goiânia,70,25,19,Mar-Mai,Casais,SIM,SIM,NÃO,SIM,SIM,SIM,Acqua Bella Thermas Hotel,3,13,3,Maio,Sexta-Feira,1
Goiânia,9,3,4,Jun-Ago,Amigos,SIM,SIM,NÃO,SIM,SIM,SIM,Acqua Bella Thermas Hotel,3,13,1,Junho,Segunda-feira,5
Goiânia,11,6,7,Jun-Ago,Sozinho,SIM,SIM,NÃO,SIM,SIM,SIM,Acqua Bella Thermas Hotel,3,13,1,Junho,Segunda-feira,5
Cristalina,39,18,9,Jun-Ago,Família,SIM,SIM,NÃO,SIM,SIM,SIM,Acqua Bella Thermas Hotel,3,13,4,Julho,Quinta-Feira,4
Brasília,10,0,9,Jun-Ago,Família,SIM,SIM,NÃO,SIM,SIM,SIM,Acqua Bella Thermas Hotel,3,13,1,Julho,Quarta-feira,5
Goiânia,78,17,24,Jun-Ago,Casais,SIM,SIM,NÃO,SIM,SIM,SIM,Acqua Bella Thermas Hotel,3,13,5,Agosto,Segunda-feira,4
Brasília,48,21,19,Jun-Ago,Família,SIM,SIM,NÃO,SIM,SIM,SIM,Acqua Bella Thermas Hotel,3,13,4,Agosto,Sexta-Feira,5
Uberlândia,112,34,41,Set-Nov,Família,SIM,SIM,NÃO,SIM,SIM,SIM,Acqua Bella Thermas Hotel,3,13,7,Setembro,Domingo,5
Goiânia,28,17,14,Set-Nov,Sozinho,SIM,SIM,NÃO,SIM,SIM,SIM,Acqua Bella Thermas Hotel,3,13,2,Setembro,Quarta-feira,5
Brasília,11,3,16,Set-Nov,Casais,SIM,SIM,NÃO,SIM,SIM,SIM,Acqua Bella Thermas Hotel,3,13,2,Outubro,Quarta-feira,2
Goiânia,9,5,11,Set-Nov,Negócios,SIM,SIM,NÃO,SIM,SIM,SIM,Acqua Bella Thermas Hotel,3,13,9,Outubro,Quarta-feira,4
Goiânia,4,4,1,Set-Nov,Família,SIM,SIM,NÃO,SIM,SIM,SIM,Acqua Bella Thermas Hotel,3,13,0,Novembro,Quarta-feira,3
Anápolis,22,15,25,Set-Nov,Família,SIM,SIM,NÃO,SIM,SIM,SIM,Acqua Bella Thermas Hotel,3,13,6,Novembro,Segunda-feira,4
Goiânia,42,11,36,Dez-Fev,Casais,SIM,SIM,NÃO,SIM,SIM,SIM,Acqua Bella Thermas Hotel,3,13,7,Dezembro,Segunda-feira,5
Uberaba,20,16,9,Dez-Fev,Casais,SIM,SIM,NÃO,SIM,SIM,SIM,Acqua Bella Thermas Hotel,3,13,7,Dezembro,Terça-feira,4
Uberlândia,160,34,88,Dez-Fev,Negócios,SIM,SIM,NÃO,NÃO,SIM,SIM,Golden Dolphin Supreme,3,23,6,Janeiro,Sábado,4
Goiânia,372,78,169,Dez-Fev,Negócios,SIM,SIM,NÃO,NÃO,SIM,SIM,Golden Dolphin Supreme,3,23,4,Janeiro,Domingo,4
Goiânia,84,18,36,Dez-Fev,Família,SIM,SIM,NÃO,NÃO,SIM,SIM,Golden Dolphin Supreme,3,23,4,Fevereiro,Quarta-feira,5
Goiânia,21,13,20,Dez-Fev,Negócios,SIM,SIM,NÃO,NÃO,SIM,SIM,Golden Dolphin Supreme,3,23,5,Fevereiro,Quinta-Feira,5
Brasília,95,37,55,Mar-Mai,Amigos,SIM,SIM,NÃO,NÃO,SIM,SIM,Golden Dolphin Supreme,3,23,6,Março,Terça-feira,4
Curitiba,118,107,131,Mar-Mai,Negócios,SIM,SIM,NÃO,NÃO,SIM,SIM,Golden Dolphin Supreme,3,23,10,Março,Segunda-feira,5
Uberlândia,6,0,8,Mar-Mai,Casais,SIM,SIM,NÃO,NÃO,SIM,SIM,Golden Dolphin Supreme,3,23,10,Abril,Quarta-feira,5
Goiânia,60,4,31,Mar-Mai,Casais,SIM,SIM,NÃO,NÃO,SIM,SIM,Golden Dolphin Supreme,3,23,2,Abril,Terça-feira,4
Uberaba,275,79,339,Mar-Mai,Casais,SIM,SIM,NÃO,NÃO,SIM,SIM,Golden Dolphin Supreme,3,23,7,Maio,Domingo,4
Uberlândia,46,39,42,Mar-Mai,Negócios,SIM,SIM,NÃO,NÃO,SIM,SIM,Golden Dolphin Supreme,3,23,6,Maio,Quarta-feira,4
Goiânia,6,5,6,Jun-Ago,Família,SIM,SIM,NÃO,NÃO,SIM,SIM,Golden Dolphin Supreme,3,23,4,Junho,Terça-feira,5
Uberaba,11,0,5,Jun-Ago,Família,SIM,SIM,NÃO,NÃO,SIM,SIM,Golden Dolphin Supreme,3,23,0,Junho,Quinta-Feira,5
Goiânia,75,37,48,Jun-Ago,Casais,SIM,SIM,NÃO,NÃO,SIM,SIM,Golden Dolphin Supreme,3,23,6,Julho,Sábado,5
Santo André,240,76,115,Jun-Ago,Casais,SIM,SIM,NÃO,NÃO,SIM,SIM,Golden Dolphin Supreme,3,23,3,Julho,Segunda-feira,5
Rio Verde,20,12,7,Jun-Ago,Família,SIM,SIM,NÃO,NÃO,SIM,SIM,Golden Dolphin Supreme,3,23,1,Agosto,Quarta-feira,5
Belém,62,40,25,Jun-Ago,Família,SIM,SIM,NÃO,NÃO,SIM,SIM,Golden Dolphin Supreme,3,23,5,Agosto,Domingo,5
FloriAnápolis,88,19,58,Set-Nov,Amigos,SIM,SIM,NÃO,NÃO,SIM,SIM,Golden Dolphin Supreme,3,23,1,Setembro,Quarta-feira,5
Goiânia,6,3,5,Set-Nov,Amigos,SIM,SIM,NÃO,NÃO,SIM,SIM,Golden Dolphin Supreme,3,23,0,Setembro,Terça-feira,5
Belo Horizonte,18,9,8,Set-Nov,Negócios,SIM,SIM,NÃO,NÃO,SIM,SIM,Golden Dolphin Supreme,3,23,7,Outubro,Segunda-feira,3
Anápolis,159,43,78,Set-Nov,Família,SIM,SIM,NÃO,NÃO,SIM,SIM,Golden Dolphin Supreme,3,23,4,Outubro,Quarta-feira,5
Caxias do Sul,47,23,20,Set-Nov,Casais,SIM,SIM,NÃO,NÃO,SIM,SIM,Golden Dolphin Supreme,3,23,1,Novembro,Quinta-Feira,4
Maceió,86,12,46,Set-Nov,Casais,SIM,SIM,NÃO,NÃO,SIM,SIM,Golden Dolphin Supreme,3,23,5,Novembro,Domingo,4
Goiânia,42,9,13,Dez-Fev,Casais,SIM,SIM,NÃO,NÃO,SIM,SIM,Golden Dolphin Supreme,3,23,1,Dezembro,Terça-feira,5
Curitiba,64,33,23,Dez-Fev,Família,SIM,SIM,NÃO,NÃO,SIM,SIM,Golden Dolphin Supreme,3,23,7,Dezembro,Quinta-Feira,4
Goiânia,167,71,119,Dez-Fev,Casais,SIM,SIM,SIM,SIM,SIM,SIM, Hotel CTC,3,23,8,Janeiro,Sábado,5
Goiânia,25,5,12,Dez-Fev,Amigos,SIM,SIM,SIM,SIM,SIM,SIM, Hotel CTC,3,23,8,Janeiro,Quinta-Feira,5
Brasília,12,12,6,Dez-Fev,Negócios,SIM,SIM,SIM,SIM,SIM,SIM, Hotel CTC,3,23,4,Fevereiro,Sexta-Feira,3
Goiânia,608,117,319,Dez-Fev,Negócios,SIM,SIM,SIM,SIM,SIM,SIM, Hotel CTC,3,23,5,Fevereiro,Sábado,5
Goiânia,5,4,3,Mar-Mai,Amigos,SIM,SIM,SIM,SIM,SIM,SIM, Hotel CTC,3,23,8,Março,Domingo,5
Goiânia,26,17,34,Mar-Mai,Casais,SIM,SIM,SIM,SIM,SIM,SIM, Hotel CTC,3,23,7,Março,Quinta-Feira,5
Porto Alegre,11,5,9,Mar-Mai,Casais,SIM,SIM,SIM,SIM,SIM,SIM, Hotel CTC,3,23,7,Abril,Segunda-feira,5
Goiânia,39,10,13,Mar-Mai,Casais,SIM,SIM,SIM,SIM,SIM,SIM, Hotel CTC,3,23,3,Abril,Quarta-feira,4
São Paulo,1,0,3,Mar-Mai,Família,SIM,SIM,SIM,SIM,SIM,SIM, Hotel CTC,3,23,0,Maio,Quinta-Feira,2
Goiânia,108,20,22,Mar-Mai,Negócios,SIM,SIM,SIM,SIM,SIM,SIM, Hotel CTC,3,23,5,Maio,Quinta-Feira,3
Bela Vista,119,20,46,Jun-Ago,Amigos,SIM,SIM,SIM,SIM,SIM,SIM, Hotel CTC,3,23,1,Junho,Domingo,5
Goiânia,27,15,17,Jun-Ago,Casais,SIM,SIM,SIM,SIM,SIM,SIM, Hotel CTC,3,23,6,Junho,Terça-feira,3
Curitiba,55,55,134,Jun-Ago,Casais,SIM,SIM,SIM,SIM,SIM,SIM, Hotel CTC,3,23,5,Julho,Quarta-feira,5
Uberlândia,7,3,7,Jun-Ago,Negócios,SIM,SIM,SIM,SIM,SIM,SIM, Hotel CTC,3,23,3,Julho,Sexta-Feira,4
Uberlândia,3,3,2,Jun-Ago,Negócios,SIM,SIM,SIM,SIM,SIM,SIM, Hotel CTC,3,23,0,Agosto,Quarta-feira,3
Goiânia,11,3,19,Jun-Ago,Casais,SIM,SIM,SIM,SIM,SIM,SIM, Hotel CTC,3,23,6,Agosto,Segunda-feira,4
Uberaba,27,15,16,Set-Nov,Casais,SIM,SIM,SIM,SIM,SIM,SIM, Hotel CTC,3,23,5,Setembro,Domingo,5
Goiânia,13,4,6,Set-Nov,Casais,SIM,SIM,SIM,SIM,SIM,SIM, Hotel CTC,3,23,0,Setembro,Quarta-feira,5
Brasília,19,11,14,Set-Nov,Casais,SIM,SIM,SIM,SIM,SIM,SIM, Hotel CTC,3,23,5,Outubro,Domingo,3
Uberlândia,38,12,17,Set-Nov,Negócios,SIM,SIM,SIM,SIM,SIM,SIM, Hotel CTC,3,23,7,Outubro,Sexta-Feira,5
Goiânia,167,71,119,Set-Nov,Casais,SIM,SIM,SIM,SIM,SIM,SIM, Hotel CTC,3,23,8,Novembro,Domingo,4
Goiânia,28,6,9,Set-Nov,Negócios,SIM,SIM,SIM,SIM,SIM,SIM, Hotel CTC,3,23,3,Novembro,Terça-feira,3
Uberlândia,9,8,5,Dez-Fev,Família,SIM,SIM,SIM,SIM,SIM,SIM, Hotel CTC,3,23,4,Dezembro,Domingo,5
Goiânia,13,4,4,Dez-Fev,Amigos,SIM,SIM,SIM,SIM,SIM,SIM, Hotel CTC,3,23,5,Dezembro,Terça-feira,5
Goiânia,65,24,72,Dez-Fev,Negócios,SIM,SIM,NÃO,NÃO,NÃO,SIM, Hotel Parque Das Primaveras,3,19,6,Janeiro,Segunda-feira,3
Goiânia,8,3,3,Dez-Fev,Casais,SIM,SIM,NÃO,NÃO,NÃO,SIM, Hotel Parque Das Primaveras,3,19,3,Janeiro,Quinta-Feira,5
Brasília,61,13,26,Dez-Fev,Casais,SIM,SIM,NÃO,NÃO,NÃO,SIM, Hotel Parque Das Primaveras,3,19,4,Fevereiro,Domingo,2
Goiânia,3,3,8,Dez-Fev,Família,SIM,SIM,NÃO,NÃO,NÃO,SIM, Hotel Parque Das Primaveras,3,19,1,Fevereiro,Sábado,2
Goiânia,66,13,21,Mar-Mai,Amigos,SIM,SIM,NÃO,NÃO,NÃO,SIM, Hotel Parque Das Primaveras,3,19,9,Março,Sexta-Feira,5
FloriAnápolis,9,7,4,Mar-Mai,Casais,SIM,SIM,NÃO,NÃO,NÃO,SIM, Hotel Parque Das Primaveras,3,19,2,Março,Terça-feira,5
FloriAnápolis,82,14,61,Mar-Mai,Família,SIM,SIM,NÃO,NÃO,NÃO,SIM, Hotel Parque Das Primaveras,3,19,1,Abril,Quarta-feira,3
Uberlândia,113,48,33,Mar-Mai,Família,SIM,SIM,NÃO,NÃO,NÃO,SIM, Hotel Parque Das Primaveras,3,19,4,Abril,Domingo,3
Goiânia,11,8,12,Mar-Mai,Amigos,SIM,SIM,NÃO,NÃO,NÃO,SIM, Hotel Parque Das Primaveras,3,19,6,Maio,Domingo,3
Uberlândia,2,1,1,Mar-Mai,Família,SIM,SIM,NÃO,NÃO,NÃO,SIM, Hotel Parque Das Primaveras,3,19,3,Maio,Terça-feira,3
Goiânia,31,11,24,Jun-Ago,Casais,SIM,SIM,NÃO,NÃO,NÃO,SIM, Hotel Parque Das Primaveras,3,19,2,Junho,Quarta-feira,5
Uberaba,32,12,22,Jun-Ago,Casais,SIM,SIM,NÃO,NÃO,NÃO,SIM, Hotel Parque Das Primaveras,3,19,5,Junho,Quarta-feira,4
Goiânia,56,7,25,Jun-Ago,Família,SIM,SIM,NÃO,NÃO,NÃO,SIM, Hotel Parque Das Primaveras,3,19,7,Julho,Domingo,3
Uberlândia,45,6,22,Jun-Ago,Casais,SIM,SIM,NÃO,NÃO,NÃO,SIM, Hotel Parque Das Primaveras,3,19,3,Julho,Quinta-Feira,5
Goiânia,17,4,4,Jun-Ago,Família,SIM,SIM,NÃO,NÃO,NÃO,SIM, Hotel Parque Das Primaveras,3,19,0,Agosto,Domingo,4
Goiânia,23,23,11,Jun-Ago,Família,SIM,SIM,NÃO,NÃO,NÃO,SIM, Hotel Parque Das Primaveras,3,19,1,Agosto,Domingo,5
Uberlândia,56,18,24,Set-Nov,Amigos,SIM,SIM,NÃO,NÃO,NÃO,SIM, Hotel Parque Das Primaveras,3,19,4,Setembro,Sábado,5
Goiânia,290,263,300,Set-Nov,Negócios,SIM,SIM,NÃO,NÃO,NÃO,SIM, Hotel Parque Das Primaveras,3,19,10,Setembro,Sábado,4
Uberaba,26,7,9,Set-Nov,Família,SIM,SIM,NÃO,NÃO,NÃO,SIM, Hotel Parque Das Primaveras,3,19,0,Outubro,Sexta-Feira,4
São Paulo,116,44,53,Set-Nov,Casais,SIM,SIM,NÃO,NÃO,NÃO,SIM, Hotel Parque Das Primaveras,3,19,5,Outubro,Sábado,4
Maringá,14,5,15,Set-Nov,Negócios,SIM,SIM,NÃO,NÃO,NÃO,SIM, Hotel Parque Das Primaveras,3,19,5,Novembro,Quinta-Feira,4
Goiânia,13,7,1,Set-Nov,Negócios,SIM,SIM,NÃO,NÃO,NÃO,SIM, Hotel Parque Das Primaveras,3,19,4,Novembro,Domingo,5
Goiânia,20,9,25,Dez-Fev,Casais,SIM,SIM,NÃO,NÃO,NÃO,SIM, Hotel Parque Das Primaveras,3,19,8,Dezembro,Terça-feira,4
Anápolis,3,3,3,Dez-Fev,Família,SIM,SIM,NÃO,NÃO,NÃO,SIM, Hotel Parque Das Primaveras,3,19,2,Dezembro,Quarta-feira,5
Goiânia,17,3,12,Dez-Fev,Amigos,SIM,SIM,SIM,NÃO,NÃO,SIM,Hotel Hot Star,3,23,2,Janeiro,Segunda-feira,4
Uberaba,21,11,13,Dez-Fev,Família,SIM,SIM,SIM,NÃO,NÃO,SIM,Hotel Hot Star,3,23,4,Janeiro,Domingo,5
Goiânia,60,11,33,Dez-Fev,Casais,SIM,SIM,SIM,NÃO,NÃO,SIM,Hotel Hot Star,3,23,3,Fevereiro,Quinta-Feira,5
Uberlândia,12,4,15,Dez-Fev,Casais,SIM,SIM,SIM,NÃO,NÃO,SIM,Hotel Hot Star,3,23,11,Fevereiro,Segunda-feira,5
Goiânia,27,12,51,Mar-Mai,Amigos,SIM,SIM,SIM,NÃO,NÃO,SIM,Hotel Hot Star,3,23,4,Março,Terça-feira,5
Goiânia,34,12,35,Mar-Mai,Casais,SIM,SIM,SIM,NÃO,NÃO,SIM,Hotel Hot Star,3,23,3,Março,Terça-feira,4
Uberlândia,69,22,38,Mar-Mai,Família,SIM,SIM,SIM,NÃO,NÃO,SIM,Hotel Hot Star,3,23,6,Abril,Quinta-Feira,5
Goiânia,16,4,7,Mar-Mai,Casais,SIM,SIM,SIM,NÃO,NÃO,SIM,Hotel Hot Star,3,23,4,Abril,Sábado,5
Uberaba,26,5,5,Mar-Mai,Família,SIM,SIM,SIM,NÃO,NÃO,SIM,Hotel Hot Star,3,23,1,Maio,Quinta-Feira,4
Goiânia,54,10,15,Mar-Mai,Negócios,SIM,SIM,SIM,NÃO,NÃO,SIM,Hotel Hot Star,3,23,5,Maio,Terça-feira,4
Brasília,35,17,27,Jun-Ago,Casais,SIM,SIM,SIM,NÃO,NÃO,SIM,Hotel Hot Star,3,23,6,Junho,Terça-feira,5
São Paulo,23,12,7,Jun-Ago,Família,SIM,SIM,SIM,NÃO,NÃO,SIM,Hotel Hot Star,3,23,7,Junho,Sábado,5
Brasília,6,3,14,Jun-Ago,Família,SIM,SIM,SIM,NÃO,NÃO,SIM,Hotel Hot Star,3,23,3,Julho,Domingo,5
Goiânia,27,8,16,Jun-Ago,Amigos,SIM,SIM,SIM,NÃO,NÃO,SIM,Hotel Hot Star,3,23,4,Julho,Quinta-Feira,4
Goiânia,41,8,14,Jun-Ago,Família,SIM,SIM,SIM,NÃO,NÃO,SIM,Hotel Hot Star,3,23,4,Agosto,Quarta-feira,3
Uberlândia,12,4,6,Jun-Ago,Casais,SIM,SIM,SIM,NÃO,NÃO,SIM,Hotel Hot Star,3,23,2,Agosto,Segunda-feira,5
Goiânia,14,3,14,Set-Nov,Amigos,SIM,SIM,SIM,NÃO,NÃO,SIM,Hotel Hot Star,3,23,6,Setembro,Terça-feira,5
Goiânia,415,162,265,Set-Nov,Negócios,SIM,SIM,SIM,NÃO,NÃO,SIM,Hotel Hot Star,3,23,8,Setembro,Domingo,4
Ribeirão Preto,76,27,32,Set-Nov,Casais,SIM,SIM,SIM,NÃO,NÃO,SIM,Hotel Hot Star,3,23,6,Outubro,Quinta-Feira,3
Brasília,24,12,30,Set-Nov,Casais,SIM,SIM,SIM,NÃO,NÃO,SIM,Hotel Hot Star,3,23,4,Outubro,Segunda-feira,4
Joinville,23,9,23,Set-Nov,Família,SIM,SIM,SIM,NÃO,NÃO,SIM,Hotel Hot Star,3,23,4,Novembro,Segunda-feira,3
Goiânia,182,24,47,Set-Nov,Família,SIM,SIM,SIM,NÃO,NÃO,SIM,Hotel Hot Star,3,23,2,Novembro,Domingo,4
Goiânia,289,28,133,Dez-Fev,Família,SIM,SIM,SIM,NÃO,NÃO,SIM,Hotel Hot Star,3,23,5,Dezembro,Terça-feira,4
Uberlândia,101,35,46,Dez-Fev,Amigos,SIM,SIM,SIM,NÃO,NÃO,SIM,Hotel Hot Star,3,23,5,Dezembro,Sábado,5
Ribeirão Preto,31,11,20,Dez-Fev,Negócios,SIM,SIM,NÃO,SIM,SIM,SIM,Rio das Pedras Thermas Hotel,5,41,2,Janeiro,Sexta-Feira,4
Goiânia,20,6,9,Dez-Fev,Sozinho,SIM,SIM,NÃO,SIM,SIM,SIM,Rio das Pedras Thermas Hotel,5,41,0,Janeiro,Quarta-feira,5
Goiânia,60,16,15,Dez-Fev,Família,SIM,SIM,NÃO,SIM,SIM,SIM,Rio das Pedras Thermas Hotel,5,41,5,Fevereiro,Sábado,4
Anápolis,1,0,2,Dez-Fev,Casais,SIM,SIM,NÃO,SIM,SIM,SIM,Rio das Pedras Thermas Hotel,5,41,0,Fevereiro,Domingo,5
Goiânia,9,3,13,Mar-Mai,Casais,SIM,SIM,NÃO,SIM,SIM,SIM,Rio das Pedras Thermas Hotel,5,41,2,Março,Quinta-Feira,3
Goiânia,19,7,5,Mar-Mai,Casais,SIM,SIM,NÃO,SIM,SIM,SIM,Rio das Pedras Thermas Hotel,5,41,5,Março,Quarta-feira,5
Belém,116,78,206,Mar-Mai,Casais,SIM,SIM,NÃO,SIM,SIM,SIM,Rio das Pedras Thermas Hotel,5,41,9,Abril,Domingo,5
Uberaba,22,13,26,Mar-Mai,Casais,SIM,SIM,NÃO,SIM,SIM,SIM,Rio das Pedras Thermas Hotel,5,41,2,Abril,Sexta-Feira,4
Uberaba,83,10,26,Mar-Mai,Família,SIM,SIM,NÃO,SIM,SIM,SIM,Rio das Pedras Thermas Hotel,5,41,1,Maio,Terça-feira,4
Brasília,20,3,9,Mar-Mai,Casais,SIM,SIM,NÃO,SIM,SIM,SIM,Rio das Pedras Thermas Hotel,5,41,0,Maio,Segunda-feira,5
Goiânia,7,5,6,Jun-Ago,Casais,SIM,SIM,NÃO,SIM,SIM,SIM,Rio das Pedras Thermas Hotel,5,41,1,Junho,Segunda-feira,5
Goiânia,95,34,46,Jun-Ago,Negócios,SIM,SIM,NÃO,SIM,SIM,SIM,Rio das Pedras Thermas Hotel,5,41,6,Junho,Domingo,5
Uberaba,15,6,19,Jun-Ago,Casais,SIM,SIM,NÃO,SIM,SIM,SIM,Rio das Pedras Thermas Hotel,5,41,4,Julho,Quarta-feira,4
Brasília,13,7,12,Jun-Ago,Casais,SIM,SIM,NÃO,SIM,SIM,SIM,Rio das Pedras Thermas Hotel,5,41,5,Julho,Domingo,4
Uberlândia,19,8,24,Jun-Ago,Família,SIM,SIM,NÃO,SIM,SIM,SIM,Rio das Pedras Thermas Hotel,5,41,10,Agosto,Quarta-feira,5
Brasília,21,6,15,Jun-Ago,Casais,SIM,SIM,NÃO,SIM,SIM,SIM,Rio das Pedras Thermas Hotel,5,41,3,Agosto,Sábado,5
Brasília,56,11,14,Set-Nov,Casais,SIM,SIM,NÃO,SIM,SIM,SIM,Rio das Pedras Thermas Hotel,5,41,5,Setembro,Sexta-Feira,5
Brasília,29,7,15,Set-Nov,Casais,SIM,SIM,NÃO,SIM,SIM,SIM,Rio das Pedras Thermas Hotel,5,41,7,Setembro,Quinta-Feira,5
Porto Alegre,20,0,8,Set-Nov,Casais,SIM,SIM,NÃO,SIM,SIM,SIM,Rio das Pedras Thermas Hotel,5,41,2,Outubro,Sexta-Feira,5
Brasília,39,20,31,Set-Nov,Casais,SIM,SIM,NÃO,SIM,SIM,SIM,Rio das Pedras Thermas Hotel,5,41,8,Outubro,Quinta-Feira,4
Fortaleza,9,6,3,Set-Nov,Amigos,SIM,SIM,NÃO,SIM,SIM,SIM,Rio das Pedras Thermas Hotel,5,41,5,Novembro,Sábado,5
Uberaba,43,38,29,Set-Nov,Casais,SIM,SIM,NÃO,SIM,SIM,SIM,Rio das Pedras Thermas Hotel,5,41,4,Novembro,Sábado,5
Luziânia,16,10,11,Dez-Fev,Família,SIM,SIM,NÃO,SIM,SIM,SIM,Rio das Pedras Thermas Hotel,5,41,9,Dezembro,Quinta-Feira,5
Goiânia,6,6,12,Dez-Fev,Casais,SIM,SIM,NÃO,SIM,SIM,SIM,Rio das Pedras Thermas Hotel,5,41,10,Dezembro,Quarta-feira,4
Uberaba,16,6,3,Dez-Fev,Sozinho,SIM,SIM,NÃO,SIM,SIM,SIM,Pousada do Ipê,5,40,3,Janeiro,Sábado,4
Goiânia,15,3,13,Dez-Fev,Família,SIM,SIM,NÃO,SIM,SIM,SIM,Pousada do Ipê,5,40,5,Janeiro,Quinta-Feira,5
Goiânia,30,6,26,Dez-Fev,Casais,SIM,SIM,NÃO,SIM,SIM,SIM,Pousada do Ipê,5,40,3,Fevereiro,Terça-feira,4
Goiânia,41,9,111,Dez-Fev,Negócios,SIM,SIM,NÃO,SIM,SIM,SIM,Pousada do Ipê,5,40,1,Fevereiro,Sexta-Feira,5
São Paulo,44,35,53,Mar-Mai,Casais,SIM,SIM,NÃO,SIM,SIM,SIM,Pousada do Ipê,5,40,6,Março,Terça-feira,5
Goiânia,30,9,17,Mar-Mai,Negócios,SIM,SIM,NÃO,SIM,SIM,SIM,Pousada do Ipê,5,40,0,Março,Terça-feira,2
Ribeirão Preto,23,10,18,Mar-Mai,Negócios,SIM,SIM,NÃO,SIM,SIM,SIM,Pousada do Ipê,5,40,4,Abril,Segunda-feira,5
Salvador,3,0,8,Mar-Mai,Família,SIM,SIM,NÃO,SIM,SIM,SIM,Pousada do Ipê,5,40,3,Abril,Terça-feira,2
Brasília,12,6,16,Mar-Mai,Amigos,SIM,SIM,NÃO,SIM,SIM,SIM,Pousada do Ipê,5,40,3,Maio,Sexta-Feira,3
Brasília,15,6,17,Mar-Mai,Casais,SIM,SIM,NÃO,SIM,SIM,SIM,Pousada do Ipê,5,40,1,Maio,Quinta-Feira,5
Brasília,5,0,5,Jun-Ago,Família,SIM,SIM,NÃO,SIM,SIM,SIM,Pousada do Ipê,5,40,0,Junho,Quarta-feira,5
Goiânia,32,5,11,Jun-Ago,Negócios,SIM,SIM,NÃO,SIM,SIM,SIM,Pousada do Ipê,5,40,6,Junho,Domingo,4
Goiânia,28,5,23,Jun-Ago,Casais,SIM,SIM,NÃO,SIM,SIM,SIM,Pousada do Ipê,5,40,5,Julho,Sexta-Feira,5
Aparecida de Goiânia,77,18,48,Jun-Ago,Família,SIM,SIM,NÃO,SIM,SIM,SIM,Pousada do Ipê,5,40,10,Julho,Sábado,4
Goiânia,11,8,2,Jun-Ago,Sozinho,SIM,SIM,NÃO,SIM,SIM,SIM,Pousada do Ipê,5,40,0,Agosto,Segunda-feira,4
Rio de Janeiro,102,25,37,Jun-Ago,Família,SIM,SIM,NÃO,SIM,SIM,SIM,Pousada do Ipê,5,40,6,Agosto,Domingo,5
Ribeirão Preto,13,3,2,Set-Nov,Casais,SIM,SIM,NÃO,SIM,SIM,SIM,Pousada do Ipê,5,40,6,Setembro,Terça-feira,5
Goiânia,62,13,31,Set-Nov,Negócios,SIM,SIM,NÃO,SIM,SIM,SIM,Pousada do Ipê,5,40,2,Setembro,Terça-feira,4
Brasília,26,22,42,Set-Nov,Casais,SIM,SIM,NÃO,SIM,SIM,SIM,Pousada do Ipê,5,40,5,Outubro,Domingo,5
Brasília,13,6,12,Set-Nov,Casais,SIM,SIM,NÃO,SIM,SIM,SIM,Pousada do Ipê,5,40,1,Outubro,Sábado,4
Brasília,26,18,43,Set-Nov,Amigos,SIM,SIM,NÃO,SIM,SIM,SIM,Pousada do Ipê,5,40,4,Novembro,Segunda-feira,5
Uberlândia,17,10,39,Set-Nov,Amigos,SIM,SIM,NÃO,SIM,SIM,SIM,Pousada do Ipê,5,40,3,Novembro,Sábado,5
São Paulo,4,4,1,Dez-Fev,Negócios,SIM,SIM,NÃO,SIM,SIM,SIM,Pousada do Ipê,5,40,1,Dezembro,Segunda-feira,4
Bela Vista,20,18,19,Dez-Fev,Família,SIM,SIM,NÃO,SIM,SIM,SIM,Pousada do Ipê,5,40,4,Dezembro,Sexta-Feira,2
Goiânia,14,3,7,Dez-Fev,Casais,SIM,SIM,NÃO,SIM,SIM,SIM,diRoma Resort,4,30,7,Janeiro,Sábado,4
Uberlândia,19,3,12,Dez-Fev,Casais,SIM,SIM,NÃO,SIM,SIM,SIM,diRoma Resort,4,30,1,Janeiro,Quarta-feira,5
Goiânia,4,4,2,Dez-Fev,Casais,SIM,SIM,NÃO,SIM,SIM,SIM,diRoma Resort,4,30,1,Fevereiro,Quarta-feira,2
Goiânia,116,12,43,Dez-Fev,Amigos,SIM,SIM,NÃO,SIM,SIM,SIM,diRoma Resort,4,30,4,Fevereiro,Terça-feira,4
Goiânia,121,13,59,Mar-Mai,Casais,SIM,SIM,NÃO,SIM,SIM,SIM,diRoma Resort,4,30,9,Março,Terça-feira,2
Goiânia,14,7,6,Mar-Mai,Casais,SIM,SIM,NÃO,SIM,SIM,SIM,diRoma Resort,4,30,2,Março,Sexta-Feira,5
Goiânia,56,16,54,Mar-Mai,Negócios,SIM,SIM,NÃO,SIM,SIM,SIM,diRoma Resort,4,30,9,Abril,Terça-feira,4
Uberlândia,73,4,39,Mar-Mai,Amigos,SIM,SIM,NÃO,SIM,SIM,SIM,diRoma Resort,4,30,3,Abril,Segunda-feira,3
Goiânia,9,5,4,Mar-Mai,Amigos,SIM,SIM,NÃO,SIM,SIM,SIM,diRoma Resort,4,30,6,Maio,Quinta-Feira,5
Goiânia,137,42,51,Mar-Mai,Casais,SIM,SIM,NÃO,SIM,SIM,SIM,diRoma Resort,4,30,5,Maio,Domingo,3
Uberaba,30,12,38,Jun-Ago,Casais,SIM,SIM,NÃO,SIM,SIM,SIM,diRoma Resort,4,30,4,Junho,Sábado,5
Campinas,130,19,49,Jun-Ago,Casais,SIM,SIM,NÃO,SIM,SIM,SIM,diRoma Resort,4,30,6,Junho,Domingo,3
Goiânia,50,15,23,Jun-Ago,Casais,SIM,SIM,NÃO,SIM,SIM,SIM,diRoma Resort,4,30,3,Julho,Sexta-Feira,4
Brasília,22,9,11,Jun-Ago,Família,SIM,SIM,NÃO,SIM,SIM,SIM,diRoma Resort,4,30,3,Julho,Quarta-feira,4
Campo Grande,85,37,65,Jun-Ago,Família,SIM,SIM,NÃO,SIM,SIM,SIM,diRoma Resort,4,30,4,Agosto,Sexta-Feira,5
Goiânia,73,7,26,Jun-Ago,Casais,SIM,SIM,NÃO,SIM,SIM,SIM,diRoma Resort,4,30,3,Agosto,Quinta-Feira,5
Goiânia,20,10,27,Set-Nov,Casais,SIM,SIM,NÃO,SIM,SIM,SIM,diRoma Resort,4,30,2,Setembro,Quinta-Feira,4
Uberlândia,13,6,13,Set-Nov,Casais,SIM,SIM,NÃO,SIM,SIM,SIM,diRoma Resort,4,30,2,Setembro,Terça-feira,5
Uberlândia,18,3,10,Set-Nov,Casais,SIM,SIM,NÃO,SIM,SIM,SIM,diRoma Resort,4,30,2,Outubro,Segunda-feira,2
Goiânia,6,4,6,Set-Nov,Casais,SIM,SIM,NÃO,SIM,SIM,SIM,diRoma Resort,4,30,0,Outubro,Sábado,5
Goiânia,48,8,25,Set-Nov,Casais,SIM,SIM,NÃO,SIM,SIM,SIM,diRoma Resort,4,30,6,Novembro,Segunda-feira,4
Goiânia,24,3,5,Set-Nov,Casais,SIM,SIM,NÃO,SIM,SIM,SIM,diRoma Resort,4,30,0,Novembro,Domingo,5
Uberlândia,123,26,63,Dez-Fev,Casais,SIM,SIM,NÃO,SIM,SIM,SIM,diRoma Resort,4,30,4,Dezembro,Sábado,5
Goiânia,24,7,6,Dez-Fev,Amigos,SIM,SIM,NÃO,SIM,SIM,SIM,diRoma Resort,4,30,1,Dezembro,Quinta-Feira,4
Uberlândia,20,13,17,Dez-Fev,Casais,SIM,SIM,NÃO,SIM,SIM,SIM,Pousada do Ipês Thermas Resort,4,24,4,Janeiro,Segunda-feira,4
Goiânia,15,3,4,Dez-Fev,Família,SIM,SIM,NÃO,SIM,SIM,SIM,Pousada do Ipês Thermas Resort,4,24,7,Janeiro,Terça-feira,3
Itajaí,189,72,129,Dez-Fev,Sozinho,SIM,SIM,NÃO,SIM,SIM,SIM,Pousada do Ipês Thermas Resort,4,24,3,Fevereiro,Sexta-Feira,4
Goiânia,25,19,27,Dez-Fev,Casais,SIM,SIM,NÃO,SIM,SIM,SIM,Pousada do Ipês Thermas Resort,4,24,8,Fevereiro,Segunda-feira,3
Goiânia,33,11,12,Mar-Mai,Negócios,SIM,SIM,NÃO,SIM,SIM,SIM,Pousada do Ipês Thermas Resort,4,24,4,Março,Quarta-feira,5
Goiânia,14,7,13,Mar-Mai,Amigos,SIM,SIM,NÃO,SIM,SIM,SIM,Pousada do Ipês Thermas Resort,4,24,4,Março,Quinta-Feira,5
Goiânia,38,22,47,Mar-Mai,Negócios,SIM,SIM,NÃO,SIM,SIM,SIM,Pousada do Ipês Thermas Resort,4,24,4,Abril,Segunda-feira,4
Campo Grande,169,43,85,Mar-Mai,Sozinho,SIM,SIM,NÃO,SIM,SIM,SIM,Pousada do Ipês Thermas Resort,4,24,12,Abril,Domingo,4
Goiânia,20,17,21,Mar-Mai,Amigos,SIM,SIM,NÃO,SIM,SIM,SIM,Pousada do Ipês Thermas Resort,4,24,4,Maio,Domingo,3
Goiânia,17,10,18,Mar-Mai,Casais,SIM,SIM,NÃO,SIM,SIM,SIM,Pousada do Ipês Thermas Resort,4,24,3,Maio,Terça-feira,4
Goiânia,96,47,161,Jun-Ago,Sozinho,SIM,SIM,NÃO,SIM,SIM,SIM,Pousada do Ipês Thermas Resort,4,24,11,Junho,Segunda-feira,4
Goiânia,38,13,11,Jun-Ago,Negócios,SIM,SIM,NÃO,SIM,SIM,SIM,Pousada do Ipês Thermas Resort,4,24,5,Junho,Domingo,3
São Paulo,12,11,9,Jun-Ago,Família,SIM,SIM,NÃO,SIM,SIM,SIM,Pousada do Ipês Thermas Resort,4,24,6,Julho,Segunda-feira,4
Goiânia,9,8,1,Jun-Ago,Casais,SIM,SIM,NÃO,SIM,SIM,SIM,Pousada do Ipês Thermas Resort,4,24,6,Julho,Segunda-feira,5
Goiânia,23,21,22,Jun-Ago,Família,SIM,SIM,NÃO,SIM,SIM,SIM,Pousada do Ipês Thermas Resort,4,24,7,Agosto,Quarta-feira,3
Goiânia,21,6,3,Jun-Ago,Casais,SIM,SIM,NÃO,SIM,SIM,SIM,Pousada do Ipês Thermas Resort,4,24,5,Agosto,Terça-feira,4
Goiânia,30,27,19,Set-Nov,Sozinho,SIM,SIM,NÃO,SIM,SIM,SIM,Pousada do Ipês Thermas Resort,4,24,6,Setembro,Sexta-Feira,5
Goiânia,63,16,59,Set-Nov,Casais,SIM,SIM,NÃO,SIM,SIM,SIM,Pousada do Ipês Thermas Resort,4,24,11,Setembro,Quarta-feira,3
Brasília,35,3,25,Set-Nov,Casais,SIM,SIM,NÃO,SIM,SIM,SIM,Pousada do Ipês Thermas Resort,4,24,1,Outubro,Segunda-feira,5
Brasília,15,4,8,Set-Nov,Casais,SIM,SIM,NÃO,SIM,SIM,SIM,Pousada do Ipês Thermas Resort,4,24,1,Outubro,Domingo,5
Uberlândia,50,13,29,Set-Nov,Casais,SIM,SIM,NÃO,SIM,SIM,SIM,Pousada do Ipês Thermas Resort,4,24,8,Novembro,Quinta-Feira,4
Goiânia,154,23,31,Set-Nov,Amigos,SIM,SIM,NÃO,SIM,SIM,SIM,Pousada do Ipês Thermas Resort,4,24,4,Novembro,Quinta-Feira,4
Goiânia,9,6,5,Dez-Fev,Família,SIM,SIM,NÃO,SIM,SIM,SIM,Pousada do Ipês Thermas Resort,4,24,9,Dezembro,Quarta-feira,2
Goiânia,20,19,112,Dez-Fev,Família,SIM,SIM,NÃO,SIM,SIM,SIM,Pousada do Ipês Thermas Resort,4,24,5,Dezembro,Terça-feira,4
